"ï»¿""Date """,OPEN ,HIGH ,LOW ,PREV. CLOSE ,ltp ,close ,vwap ,52W H ,52W L ,VOLUME ,VALUE ,No of trades 
03-Mar-23,377,385.4,376.1,375.55,385.3,384.95,382.31,394,210.8,8180709,3127554880,116737
02-Mar-23,379.5,379.75,374.7,378.7,375.85,375.55,376.22,394,210.8,5019603,1888498850,98330
01-Mar-23,374.25,380.4,373.6,376.7,378.6,378.7,378.58,394,210.8,7766667,2940311889,114616
28-Feb-23,382.5,384.25,375,382.2,376.5,376.7,377.55,394,210.8,16367477,6179566022,161521
27-Feb-23,385.1,386.8,378.1,385.1,382.2,382.2,381.68,394,210.8,8142319,3107756123,122227
24-Feb-23,389,389,381,387.6,385.25,385.1,384.56,394,207,12910220,4964754019,118753
23-Feb-23,384.45,394,383.1,383.85,387.4,387.6,389.74,394,207,18830592,7339108177,218500
22-Feb-23,382,384.9,380,382.25,384.15,383.85,383.28,388.2,207,8961077,3434625178,99507
21-Feb-23,385,385.9,381.7,384.05,383,382.25,384.08,388.2,207,8259574,3172325587,88576
20-Feb-23,384.7,387.5,381.3,383.4,383.9,384.05,384.12,388.2,207,7804976,2998018760,102345
17-Feb-23,381.05,384.55,379.25,382.55,383.3,383.4,382.91,388.2,207,7672135,2937749083,93699
16-Feb-23,382,385.25,381,382.2,382,382.55,383.66,388.2,207,9775280,3750425750,119906
15-Feb-23,381.75,382.85,378.55,386.45,382.1,382.2,380.58,388.2,207,12209350,4646631940,132308
14-Feb-23,375,387.65,373.75,374.2,385.95,386.45,383.62,388.2,207,29125052,11172825494,240562
13-Feb-23,373,375.15,370,371.35,374.1,374.2,372.74,388.2,207,9901148,3690548356,110887
10-Feb-23,372.2,376.95,370.3,374.25,371.2,371.35,372.27,388.2,207,10278597,3826370637,101423
09-Feb-23,374,380,372.15,375.55,374.8,374.25,375.49,388.2,207,11861196,4453808752,147407
08-Feb-23,374.75,377.3,371.55,373.25,374.55,375.55,375.12,388.2,207,10420462,3908964512,125965
07-Feb-23,383.9,383.9,368.45,383.4,373.4,373.25,373.66,388.2,207,20643707,7713764922,296046
06-Feb-23,382.5,388.2,379.6,380.65,383.5,383.4,384.59,388.2,207,25790153,9918627584,245965
03-Feb-23,381.9,382.25,372,378.6,380.7,380.65,378.53,384.7,207,22295321,8439463829,236606
02-Feb-23,361.6,384.7,360.4,361.4,378.8,378.6,376.87,384.7,207,55745171,21008522194,404278
01-Feb-23,353,365.7,329.1,352.35,359.6,361.4,353.75,365.7,207,64518967,22823821018,497986
31-Jan-23,346,355,341.05,344.8,352.6,352.35,348.73,361.45,207,17134291,5975279655,207015
30-Jan-23,346.9,351.75,341.85,346,343.8,344.8,347.04,361.45,207,14091519,4890259651,159810
27-Jan-23,341.8,348.85,341.5,339.25,345.5,346,345.5,361.45,207,21040139,7269287174,198362
25-Jan-23,338.9,341,335.25,338.95,340,339.25,338.13,361.45,207,12497542,4225848771,115825
24-Jan-23,337.8,340.75,337.6,337.75,338.9,338.95,339.02,361.45,207,12302874,4170878393,123629
23-Jan-23,336,338.15,333.05,334.6,337.6,337.75,336.68,361.45,207,7124807,2398812193,75270
20-Jan-23,332,335.2,329.25,332.15,334.45,334.6,332.68,361.45,207,13103664,4359276711,104023
19-Jan-23,334,335.65,331.65,334.65,332,332.15,333.21,361.45,207,8346130,2781000520,103560
18-Jan-23,334,336.55,332.4,332.25,335.1,334.65,334.37,361.45,207,12555527,4198130682,147165
17-Jan-23,330.2,333.5,329.1,330.2,332,332.25,331.64,361.45,207,13712537,4547671025,93294
16-Jan-23,330.35,332.2,327.55,328.75,330.2,330.2,329.11,361.45,207,8253942,2716469421,78391
13-Jan-23,329.85,332.25,326.4,329.85,329.1,328.75,329.58,361.45,207,14412671,4750157894,120029
12-Jan-23,333.4,333.6,328.1,331.8,329.5,329.85,329.95,361.45,207,6638422,2190337446,139430
11-Jan-23,335.1,335.1,331.3,333.4,332.1,331.8,332.82,361.45,207,4584293,1525745890,91438
10-Jan-23,337.9,338.4,332.55,338.05,333.7,333.4,333.83,361.45,207,6949605,2319978392,95343
09-Jan-23,336.95,341.3,336.15,335.05,337.4,338.05,338.82,361.45,207,10618786,3597812676,147547
06-Jan-23,334.7,337.55,333.1,333.45,335,335.05,335.48,361.45,207,8284135,2779124777,115819
05-Jan-23,328.65,333.9,328.2,327,333.6,333.45,332.2,361.45,207,8171437,2714547327,134902
04-Jan-23,331.85,332.5,326,331.1,326.6,327,327.48,361.45,207,6689769,2190748946,155935
03-Jan-23,331.5,333.35,330.25,332.85,331.2,331.1,331.36,361.45,207,5997051,1987185279,103134
02-Jan-23,330.9,334,329.65,331.55,332.8,332.85,332.25,361.45,207,5951893,1977534074,139495
30-Dec-22,335.4,336.75,330.5,335.35,331,331.55,333.91,361.45,207,6960264,2324123983,86886
29-Dec-22,334.35,335.75,331.55,334.4,335.45,335.35,333.6,361.45,207,8105359,2703980878,98175
28-Dec-22,332.85,335,331.5,333.15,334.35,334.4,332.76,361.45,207,7737562,2574744214,114100
27-Dec-22,335.6,336.4,330.15,334.6,333.05,333.15,333.36,361.45,207,6727343,2242627265,122372
26-Dec-22,326.5,335.1,325.5,326.7,334.6,334.6,332.83,361.45,207,9566210,3183941256,183864
23-Dec-22,330.9,331.9,325.35,332.45,326.05,326.7,327.9,361.45,207,10073884,3303219426,187134
22-Dec-22,335.65,337.4,329.9,335.15,332.8,332.45,332.77,361.45,207,6584445,2191082235,101460
21-Dec-22,341,341.25,334.5,340.15,335.7,335.15,336.78,361.45,207,7045201,2372658454,127807
20-Dec-22,340.05,340.95,336.75,340.5,339.9,340.15,338.61,361.45,207,5482218,1856320822,80370
19-Dec-22,336.8,342.35,335.35,335.1,340.05,340.5,339.82,361.45,207,7812801,2654927436,110172
16-Dec-22,337.5,338.9,331.3,338.85,335.75,335.1,334.49,361.45,207,12429280,4157423587,207367
15-Dec-22,344.75,346.1,338,345.4,338.7,338.85,341.22,361.45,207,8154931,2782665992,112979
14-Dec-22,346,347.35,343.75,345.6,345.1,345.4,345.47,361.45,207,7379878,2549557385,128069
13-Dec-22,344.5,346,342.4,343.2,345.05,345.6,344.45,361.45,207,10693426,3683297886,129845
12-Dec-22,341,344,340.1,341.4,343.25,343.2,342.63,361.45,207,11214662,3842454920,147074
09-Dec-22,339.75,342.5,338,338.4,342,341.4,340.59,361.45,207,8132228,2769725918,104951
08-Dec-22,340.2,342.15,337.5,340.1,338.3,338.4,339.3,361.45,207,6200447,2103841069,135480
07-Dec-22,338.5,341.5,336.65,337.3,340,340.1,339.89,361.45,207,9813208,3335393156,117952
06-Dec-22,334.1,338.2,334.1,336.75,337.6,337.3,337.05,361.45,207,6327430,2132640560,82974
05-Dec-22,337.65,338.85,334.15,337.15,336.6,336.75,335.88,361.45,207,9716390,3263564731,131793
02-Dec-22,339.35,340.8,336.75,339.55,337.5,337.15,337.85,361.45,207,8388835,2834182902,104028
01-Dec-22,341.7,341.7,336.8,340,339.7,339.55,338.75,361.45,207,16630417,5633556147,183326
30-Nov-22,341.25,344.15,339,342.3,340.3,340,340.54,361.45,207,22556502,7681480499,139387
29-Nov-22,340,345,340,340.05,342.45,342.3,342.94,361.45,207,10189855,3494496987,115645
28-Nov-22,340,341.75,338.75,340.3,339.95,340.05,340.43,361.45,207,9902739,3371223380,103017
25-Nov-22,341,341.9,337.8,340.75,340.3,340.3,339.56,361.45,207,6933254,2354253778,102045
24-Nov-22,339.8,342.5,337.55,339.8,341.1,340.75,340.21,361.45,207,8140857,2769597450,116223
23-Nov-22,342,342,337.5,340.25,339.2,339.8,339.65,361.45,207,7768291,2638475967,122455
22-Nov-22,337,341,335.7,337.2,340,340.25,339.35,361.45,207,6495845,2204337081,97824
21-Nov-22,339.1,340,334.4,341.05,337.2,337.2,336.63,361.45,207,9198816,3096600795,123378
18-Nov-22,343.7,344.75,339.8,343.7,341,341.05,341.37,361.45,207,7838297,2675758288,93616
17-Nov-22,344.1,347.45,342.6,344.1,343.8,343.7,344.84,361.45,207,9994270,3446380758,118071
16-Nov-22,345.7,346.85,341.65,345.25,344.5,344.1,343.92,361.45,207,7604924,2615447741,116105
15-Nov-22,348.95,348.95,339.15,347.2,345.5,345.25,342.39,361.45,207,15451411,5290386412,151100
14-Nov-22,356.35,356.95,346.6,356.35,347.45,347.2,350.27,361.45,207,17639889,6178677577,167736
11-Nov-22,360,360.95,354.65,356,358,356.35,356.41,361.45,207,10950902,3903029915,119454
10-Nov-22,359,359.9,354.1,360.7,356,356,356.14,361.45,207,19327625,6883310233,149772
09-Nov-22,353.5,361.45,353.2,353.5,360.7,360.7,358.51,361.45,207,20611075,7389191472,176013
07-Nov-22,355,356.35,350,353.6,353.7,353.5,352.72,358.5,207,10050303,3544947876,120586
04-Nov-22,354,356,352.5,353.7,353.25,353.6,354.26,358.5,207,8386849,2971089241,112058
03-Nov-22,354,358.5,353,354.65,354.15,353.7,355.69,358.5,207,10736155,3818715208,115351
02-Nov-22,348.5,356.25,348.5,349.5,354,354.65,353.78,356.25,207,16781507,5936966418,166834
01-Nov-22,349.25,350.5,347.2,348.7,349.5,349.5,349.26,353.2,207,19665200,6868253070,116701
31-Oct-22,348,350.5,344.75,345.8,348.95,348.7,347.71,353.2,207,13825970,4807406386,124587
28-Oct-22,347.55,348.6,345.1,345.8,346,345.8,346.74,353.2,207,13069167,4531558050,88108
27-Oct-22,346.65,348.35,343.85,346.3,346.7,345.8,345.23,353.2,207,18558597,6407002653,102198
25-Oct-22,349.45,349.5,343.65,347.7,346.1,346.3,345.93,353.2,207,17242211,5964613498,128574
24-Oct-22,348.95,349.7,347,345.6,347.65,347.7,348.43,353.2,207,3170564,1104707572,72949
21-Oct-22,353.2,353.2,344.5,349.7,344.85,345.6,348.85,353.2,207,27372160,9548793891,192007
20-Oct-22,347,350.95,344.8,346.35,350.6,349.7,348.06,350.95,207,18474706,6430266359,169065
19-Oct-22,343.1,347.45,339.8,340.3,347.2,346.35,344.88,349.55,207,16296080,5620213087,147366
18-Oct-22,333.95,341,333.55,332.25,340.85,340.3,338.93,349.55,207,20887417,7079464204,116946
17-Oct-22,331.1,334.75,329.6,332.1,332.55,332.25,332.91,349.55,207,6929063,2306765039,100913
14-Oct-22,332.3,333.9,330.85,328.65,332.1,332.1,332.38,349.55,207,6424915,2135542924,95294
13-Oct-22,329.95,331.3,328,330.1,328.85,328.65,329.33,349.55,207,7266724,2393148173,88889
12-Oct-22,327.95,331.45,324.75,326.3,330,330.1,328.41,349.55,207,10337544,3394961391,141735
11-Oct-22,329,330.45,325.1,327.85,325.9,326.3,328.01,349.55,207,10609956,3480158341,141982
10-Oct-22,330,331.45,326.05,334.1,328.15,327.85,328.18,349.55,207,9388996,3081254841,134866
07-Oct-22,336.8,336.85,331.3,336.65,334.45,334.1,333.79,349.55,207,10506078,3506819674,115865
06-Oct-22,335,339.3,332.55,332.85,335.9,336.65,335.98,349.55,207,22235092,7470586427,155672
04-Oct-22,328.7,334,328,324.4,333.1,332.85,331.45,349.55,207,8803255,2917827879,121561
03-Oct-22,332.9,333,323.25,332.2,324.9,324.4,327.3,349.55,207,9111289,2982119370,143508
30-Sep-22,333.05,335.75,330.15,333.05,332.2,332.2,332.94,349.55,207,12427919,4137766673,145664
29-Sep-22,329,334.9,327.75,324.95,334.35,333.05,332.71,349.55,207,18281337,6082448649,175901
28-Sep-22,331.95,333.3,324.3,334.85,324.5,324.95,328.07,349.55,207,15552911,5102409611,201684
27-Sep-22,335,339.55,334,332.6,335.55,334.85,336.38,349.55,207,9991052,3360744442,134083
26-Sep-22,344.85,345.95,331.75,346.4,332.5,332.6,337.58,349.55,207,16205789,5470794971,221652
23-Sep-22,347.5,349.55,343.3,345.05,347,346.4,346.63,349.55,207,22838807,7916609371,173655
22-Sep-22,341,348.75,340.9,340.95,345.75,345.05,345.83,348.75,207,24179987,8362263405,204326
21-Sep-22,336,345.2,335.5,336,340.6,340.95,340.58,345.2,207,20992080,7149565839,161744
20-Sep-22,338.75,339.6,335,335.6,335.25,336,337.51,339.6,207,9526068,3215133990,93112
19-Sep-22,329.1,336.9,329.1,331.3,335.6,335.6,334.29,339,207,14365461,4802297577,117354
16-Sep-22,332.35,334.6,329.7,334.1,331.5,331.3,331.53,339,207,12492851,4141776659,107543
15-Sep-22,336.4,337.05,332.9,335.35,333.6,334.1,334.73,339,207,8418672,2818017592,111903
14-Sep-22,331,339,330.95,334.4,335.75,335.35,336.46,339,207,12267025,4127405942,128808
13-Sep-22,331.7,335,330.6,330.9,333.75,334.4,333.42,335,207,10520207,3507614418,141649
12-Sep-22,332,332.4,330,330.5,330.9,330.9,330.85,333.3,207,8712689,2882571011,92310
09-Sep-22,330.6,333.3,330,329.9,330.15,330.5,331.56,333.3,207,9408098,3119312582,133330
08-Sep-22,329,330.6,327.5,326.1,330,329.9,329.55,330.6,207,10911130,3595754293,103688
07-Sep-22,326,328.3,325.25,327.15,326,326.1,326.74,330,207,8085824,2641983439,101541
06-Sep-22,330,330,326.4,328.85,326.9,327.15,328.05,330,207,11970750,3927000892,132143
05-Sep-22,325,329.6,323.75,323.15,328.75,328.85,327.03,329.6,207,17471906,5713829813,169972
02-Sep-22,318.7,324.25,318.05,317.6,323.35,323.15,321.12,324.25,206,25758860,8271660686,177786
01-Sep-22,319.5,321.9,316,320.5,317.9,317.6,318.07,321.9,206,13254985,4216026194,164540
30-Aug-22,314.25,321.4,314.25,313.55,320.7,320.5,318.82,321.4,206,17829428,5684375336,136127
29-Aug-22,310,314.95,308.85,312.9,313.85,313.55,312.03,319.45,206,11361400,3545119890,144239
26-Aug-22,314.75,315.4,312,312.35,313.35,312.9,313.52,319.45,204.35,6956588,2181018083,155321
25-Aug-22,315.45,316.4,311.6,314.1,312.7,312.35,314.39,319.45,204.35,7759104,2439353578,98542
24-Aug-22,315.75,319.45,313.05,315.9,313.9,314.1,316.13,319.45,204.35,11346892,3587093978,139184
23-Aug-22,312.95,316,312.1,314.4,315.95,315.9,314.97,317,204.35,9338887,2941482818,107866
22-Aug-22,311.2,317,311,312,313.85,314.4,315.08,317,204.35,11355837,3577976869,139216
19-Aug-22,316.15,316.15,311.2,315.65,311.9,312,313.46,316.65,204.35,10422413,3266995924,111105
18-Aug-22,313,316,312.6,312.55,315.35,315.65,314.97,316.65,204.35,9883851,3113156971,118060
17-Aug-22,311.7,313.25,311,310.55,312.5,312.55,312.37,316.65,204.35,7975854,2491424846,114115
16-Aug-22,308.55,311.5,308.55,308.55,310.6,310.55,310.53,316.65,204.35,8609864,2673656851,119342
12-Aug-22,306.25,309.4,304.5,306.25,308.05,308.55,307.8,316.65,204.35,6422504,1976829183,90838
11-Aug-22,313,313.45,305.3,311.2,305.75,306.25,308.12,316.65,204.35,10885990,3354140392,149032
10-Aug-22,313.15,314.1,310.75,313.15,311.3,311.2,312.25,316.65,204.35,8923568,2786357033,134530
08-Aug-22,310.95,313.95,310.05,310.85,313,313.15,312.65,316.65,204.35,8307140,2597244021,107521
05-Aug-22,309.5,311.8,309.1,309.5,311.1,310.85,310.81,316.65,204.35,10088723,3135641714,88921
04-Aug-22,308,310.35,307.15,308.15,309.4,309.5,309.29,316.65,204.35,15901918,4918240462,133992
03-Aug-22,310.9,310.9,303.65,309.95,308,308.15,306.76,316.65,204.35,17695228,5428122427,155797
02-Aug-22,310,316.65,308.2,307.5,309.3,309.95,311.5,316.65,204.35,38982557,12142957305,261354
01-Aug-22,304,308.8,303.1,303.05,307.8,307.5,306.64,308.8,204.35,15889556,4872330248,139428
29-Jul-22,305,305.9,301.35,303.45,303.9,303.05,302.76,305.9,204.35,16932743,5126590092,118230
28-Jul-22,304.9,305.2,302.4,304.15,303.25,303.45,303.73,305.2,204.35,10839070,3292179152,116206
27-Jul-22,302.85,305,300.6,302.45,304.2,304.15,303.24,305,204.35,9346146,2834122483,90102
26-Jul-22,301,303.75,300.45,301.1,302.1,302.45,302.28,303.75,204.35,9739177,2943921158,132601
25-Jul-22,299,302.95,298.8,300.55,300.95,301.1,301.27,302.95,204.35,10640727,3205780241,122416
22-Jul-22,300,302.5,298.1,299.55,299.9,300.55,300.21,302.5,204.35,9967545,2992317209,132970
21-Jul-22,299,302.2,298,298.2,299.45,299.55,299.79,302.2,204.35,16042840,4809415086,148528
20-Jul-22,294.9,299.5,293.6,294.6,297.8,298.2,297.46,299.5,204.35,15789281,4696731730,129589
19-Jul-22,295,295.6,292.7,295.3,294.45,294.6,293.95,296.95,204.35,9188419,2700951099,66167
18-Jul-22,295,296.3,293.75,293.55,295.45,295.3,295.33,296.95,204.35,11315876,3341888353,97564
15-Jul-22,292,294,289.5,290.85,293.8,293.55,291.84,296.95,200.95,11025420,3217689791,92230
14-Jul-22,294.3,296.35,289.15,294.05,290.4,290.85,292.96,296.95,200.95,13414357,3929881063,131615
13-Jul-22,293,294.8,292.7,292.7,294,294.05,293.83,296.95,200.95,9277570,2726007442,91827
12-Jul-22,293,295.35,290.9,295,292.4,292.7,292.88,296.95,200.95,14074628,4122188826,79822
11-Jul-22,293,296.95,292.05,293.05,294.8,295,295.09,296.95,200.95,12352667,3645114497,136091
08-Jul-22,292.9,294.45,290.4,291.95,293.05,293.05,292.71,294.45,200.9,11110418,3252113136,108058
07-Jul-22,291,293.15,288.5,289.3,291.8,291.95,291.24,293.3,200.9,13794991,4017654189,92213
06-Jul-22,286.1,290,285.3,286.9,289.3,289.3,287.8,293.3,200.9,18292925,5264761919,127639
05-Jul-22,293,293,285.75,291.9,286.75,286.9,288.48,293.3,200.9,18568655,5356766751,148323
04-Jul-22,285.65,293.3,284.8,284.35,291.5,291.9,290.16,293.3,200.9,39881736,11571994522,236760
01-Jul-22,273.5,285,271.2,273.5,284.75,284.35,279.9,285,200.9,35165665,9842843332,217262
30-Jun-22,273.95,274.7,272,274.05,272.15,273.5,273.5,282.35,200.9,19262054,5268093767,111474
29-Jun-22,269.25,275,269.15,271.85,273.35,274.05,272.44,282.35,200.9,16018449,4364024742,100735
28-Jun-22,268.9,272.25,268.55,269.95,271.7,271.85,271.1,282.35,200.9,11240154,3047199164,89068
27-Jun-22,267,270.65,266.5,265.85,270,269.95,269.13,282.35,200.9,8172964,2199600656,81295
24-Jun-22,266.1,268.35,265.2,265.5,266,265.85,266.37,282.35,200.9,7013132,1868087815,72489
23-Jun-22,265.5,267.25,262.4,265.3,266.35,265.5,265.08,282.35,200.9,9067252,2403553323,85999
22-Jun-22,267,270.3,264.9,269.9,265,265.3,267.36,282.35,200.9,11320918,3026724469,115525
21-Jun-22,265,270.85,264.1,264.1,269.6,269.9,268.13,282.35,200.9,13883034,3722409702,94264
20-Jun-22,263.3,266.15,261.35,263.3,263.9,264.1,263.83,282.35,200.9,17081136,4506543174,123394
17-Jun-22,259,264.15,258.55,260.7,263.5,263.3,262.62,282.35,200.9,16654660,4373861999,132372
16-Jun-22,267,267.9,259.5,263.4,260.4,260.7,262.44,282.35,200.9,14293357,3751183386,142462
15-Jun-22,266,267.3,263.05,265.45,263.5,263.4,265.1,282.35,200.9,5059474,1341282974,81484
14-Jun-22,263.2,267.45,263.05,264.65,266,265.45,265.65,282.35,200.9,7422193,1971719472,83473
13-Jun-22,266.4,269.1,263,270.15,264.55,264.65,265.76,282.35,200.9,11092690,2947945156,136517
10-Jun-22,269.05,271,268.75,270.85,269.95,270.15,269.93,282.35,200.9,8371061,2259589047,79572
09-Jun-22,267.8,271.7,265.75,267.9,270.9,270.85,269.79,282.35,200.9,9860194,2660189374,91711
08-Jun-22,273.95,274.4,266.2,273.9,267.8,267.9,270.49,282.35,200.9,14361969,3884759583,192981
07-Jun-22,273.2,275,272.25,274.8,273.95,273.9,273.48,282.35,200.9,10828539,2961368319,98015
06-Jun-22,272.4,275.8,269.7,272.7,274.45,274.8,273.53,282.35,200.9,10925182,2988401868,87814
03-Jun-22,275,275.7,271.6,273.5,272.4,272.7,273.54,282.35,200.9,12487862,3415937894,97837
02-Jun-22,270.7,274.45,267.85,271.85,273,273.5,271.97,282.35,200.9,14240994,3873176816,114544
01-Jun-22,270.65,274.1,270.2,270.65,271.5,271.85,272.2,282.35,200.9,14699792,4001349285,100701
31-May-22,269.05,274.5,266.4,269.05,271.2,270.65,270.75,282.35,200.9,23208345,6283589854,98915
30-May-22,270.5,271,267.6,269.2,269,269.05,268.88,282.35,200.9,11819102,3177896815,106135
27-May-22,269,270.7,265.05,266.7,269.25,269.2,268.11,282.35,200.9,13468067,3610874147,92366
26-May-22,268.25,268.25,263.85,272.7,266.9,266.7,265.96,282.35,200.9,18420159,4898982829,137230
25-May-22,272.95,273.9,270.5,270.85,272.55,272.7,272.08,282.35,200.9,15288648,4159726894,105968
24-May-22,275,275,270,274.5,271,270.85,272.23,282.35,200.9,15547968,4232697120,110237
23-May-22,280,280.45,273.05,280,273.6,274.5,275.05,282.35,200.9,21700165,5968639519,158072
20-May-22,277,282.35,277,275.65,280.05,280,280.22,282.35,200.9,32370771,9071060237,217504
19-May-22,262.6,279.25,262.6,266.8,275.75,275.65,274.44,279.25,200.9,78287713,21485009549,455087
18-May-22,266,267.8,263.15,264.7,266.5,266.8,265.52,273.15,200.9,20200332,5363514789,150501
17-May-22,255,265.5,254.8,254.1,265,264.7,262.07,273.15,200.9,17797974,4664231330,164262
16-May-22,259.95,259.95,253,258.6,254.35,254.1,255.88,273.15,200.9,8186859,2094840151,102967
13-May-22,254.95,260.85,254.5,252.9,258,258.6,258.72,273.15,200.9,11921627,3084376920,129880
12-May-22,255,256.4,249.15,255.65,253.45,252.9,251.92,273.15,200.9,20044726,5049629669,263981
11-May-22,259,262.2,251.75,259.75,255.6,255.65,255.9,273.15,200.9,17344099,4438387756,178923
10-May-22,262,266.8,259.1,262.95,259.5,259.75,263.62,273.15,200.9,18033260,4753854528,188902
09-May-22,266.15,266.15,260.55,266.65,263.15,262.95,263.34,273.15,200.9,21403710,5636380538,203003
06-May-22,259,267.35,258.9,262.05,265.65,266.65,264.96,273.15,199.1,34490123,9138351915,251642
05-May-22,262,265.2,260.4,259.75,262,262.05,263.04,273.15,199.1,17932895,4716986717,115437
04-May-22,264,266.05,258.6,263.15,260.3,259.75,263.04,273.15,199.1,25951999,6826483599,168036
02-May-22,258,264.5,257.05,259.55,263.8,263.15,261.53,273.15,199.1,18965820,4960080326,158584
29-Apr-22,263,263,258.5,261.1,259.5,259.55,260.72,273.15,199.1,20419904,5323940772,110925
28-Apr-22,259.5,263.7,258.15,257.5,261.95,261.1,260.79,273.15,199.1,27924384,7282457332,131008
27-Apr-22,256.2,258.5,255.75,258.95,257.2,257.5,257.23,273.15,199.1,16580824,4265039505,91550
26-Apr-22,256.6,260.7,256.25,255.25,258.85,258.95,258.6,273.15,199.1,20536714,5310890958,110569
25-Apr-22,258.8,259,252.5,261.1,255.5,255.25,255.29,273.15,199.1,24208645,6180301910,173578
22-Apr-22,260,263,258.55,260.4,261.1,261.1,260.66,273.15,199.1,15671273,4084852407,108602
21-Apr-22,259.7,264.45,259.6,259.55,260.25,260.4,261.61,273.15,199.1,23412279,6124998845,163869
20-Apr-22,262.9,265.45,257.55,261.55,259.8,259.55,260.75,273.15,199.1,24510612,6391161210,205236
19-Apr-22,272,272.5,258.8,270.1,259.25,261.55,267.74,273.15,199.1,23380138,6259809070,201593
18-Apr-22,268,272.5,267.25,269.55,270.35,270.1,269.67,273.15,199.1,24399444,6579899980,189235
13-Apr-22,265.3,270.6,263.65,264.8,269.1,269.55,267.07,273.15,199.1,21414383,5719183511,144139
12-Apr-22,266.9,268.65,263.1,267.5,264.6,264.8,265.72,273.15,199.1,23553762,6258603719,150370
11-Apr-22,268.75,273.15,266,267.8,267.1,267.5,269.3,273.15,199.1,46147653,12427333078,269185
08-Apr-22,258,268.85,256,256.65,268.75,267.8,263.51,268.85,199.1,37826800,9967802074,232170
07-Apr-22,258,262.2,255.8,259.6,256.7,256.65,258.62,265.3,199.1,16061089,4153641423,126604
06-Apr-22,257.5,263.35,257.3,259.45,260,259.6,260.2,265.3,199.1,19597941,5099320485,155736
05-Apr-22,256.05,261.85,255.1,255.45,259,259.45,258.9,265.3,199.1,27183142,7037729122,178177
04-Apr-22,253.1,257.9,251.1,253.3,255.75,255.45,254.24,265.3,199.1,15907398,4044245820,109421
01-Apr-22,250,255.35,248.8,250.65,255.05,253.3,251.32,265.3,199.1,14305709,3595279351,114531
31-Mar-22,249.6,254.35,249.5,249.2,250.7,250.65,251.19,265.3,199.1,25656796,6444678255,131890
30-Mar-22,255.1,256.4,248.65,254.6,249.05,249.2,251.58,265.3,199.1,17603827,4428750077,125981
29-Mar-22,257.05,257.5,253.75,257.05,254.3,254.6,255.06,265.3,199.1,18122714,4622454136,114137
28-Mar-22,254,258,252.55,253.35,256.2,257.05,255.73,265.3,199.1,24916402,6371890063,156533
25-Mar-22,255.3,255.75,249.25,254.85,252.7,253.35,252.48,265.3,199.1,29284643,7393703767,131798
24-Mar-22,251.95,256.5,251.45,252,254.75,254.85,254.29,265.3,199.1,38239419,9723876526,187564
23-Mar-22,251.45,253.7,248.5,249.75,251.9,252,251.88,265.3,199.1,40491633,10199201337,239738
22-Mar-22,244.55,250.75,243.55,244.5,249.95,249.75,247.49,265.3,199.1,36945426,9143578094,176133
21-Mar-22,245.9,247.75,243.8,244.9,244.5,244.5,245.28,265.3,199.1,27975134,6861601746,149077
17-Mar-22,245.25,245.4,242.7,242.6,244.55,244.9,244.3,265.3,199.1,34223740,8360956981,158119
16-Mar-22,240,243,239.1,237.85,242.4,242.6,240.65,265.3,199.1,21629521,5205102086,132633
15-Mar-22,239,241.4,235.9,239,238.2,237.85,238.48,265.3,199.1,32998305,7869470291,159184
14-Mar-22,236.25,239.45,235.3,236.35,239,239,237.88,265.3,199.1,35113638,8352803841,153586
11-Mar-22,231.9,237.1,230.15,232,234.95,236.35,234.51,265.3,199.1,41699184,9778867194,194153
10-Mar-22,231,232.5,227.85,229.25,231.45,232,230.14,265.3,199.1,36132245,8315364499,162038
09-Mar-22,227.7,231.4,226.1,226.9,229,229.25,228.8,265.3,199.1,42294906,9677136455,168447
08-Mar-22,223.9,228.45,223.75,224.95,226.8,226.9,226.27,265.3,199.1,36036336,8154008012,198973
07-Mar-22,222,227,220.1,225.5,225.95,224.95,223.87,265.3,199.1,45258669,10131981893,226272
04-Mar-22,217.7,227.4,217,219.4,225,225.5,222.66,265.3,199.1,66835736,14881564312,284871
03-Mar-22,216.05,220.2,216,215.3,219.35,219.4,218.52,265.3,199.1,28532668,6235043683,122600
02-Mar-22,214.4,216.6,212.45,215.85,215.4,215.3,214.93,265.3,199.1,19295994,4147196309,129126
28-Feb-22,213.2,216.45,210.8,213.95,215.9,215.85,214.43,265.3,199.1,20034633,4295962961,117869
25-Feb-22,211.5,216.5,210.55,208.5,214.15,213.95,214.29,265.3,199.1,23633656,5064443404,140701
24-Feb-22,210,213.3,207,215.95,209.35,208.5,210.39,265.3,199.1,41341523,8697718256,223227
23-Feb-22,216.8,217.5,215.05,214.85,215.75,215.95,216.53,265.3,199.1,11014283,2384973405,100185
22-Feb-22,215,216.9,213,218,214.65,214.85,214.65,265.3,199.1,25749340,5527205711,122029
21-Feb-22,220.3,221.3,217.15,221.9,218.1,218,219.7,265.3,199.1,16129017,3543547702,97652
18-Feb-22,222.65,223.45,221.5,222.65,221.75,221.9,222.4,265.3,199.1,8670947,1928386502,59314
17-Feb-22,223.05,224.35,220.85,222.75,222.7,222.65,222.4,265.3,199.1,14024149,3118965025,67573
16-Feb-22,223.8,224.7,221.85,223,222.4,222.75,223.37,265.3,199.1,11231596,2508790711,79949
15-Feb-22,221,223.5,218.55,219.45,223.1,223,220.98,265.3,199.1,12875311,2845201682,120496
14-Feb-22,226,226,218.5,232.45,219,219.45,222.27,265.3,199.1,22745228,5055534117,195500
11-Feb-22,232,233.3,229.8,232.25,231.85,232.45,231.65,265.3,199.1,18096561,4192137196,103557
10-Feb-22,228.7,233.4,227.75,230.15,231.5,232.25,230.53,265.3,199.1,19563580,4509898491,128409
09-Feb-22,232.3,233,228.75,231.25,230.15,230.15,230.53,265.3,199.1,11893807,2741856642,96037
08-Feb-22,230.3,232.3,229.05,230.2,230.95,231.25,230.62,265.3,199.1,16201280,3736325333,117574
07-Feb-22,234,234.75,228.5,234.3,230.35,230.2,230.77,265.3,199.1,24171083,5577857176,140323
04-Feb-22,237.25,238.5,231.55,234.45,233.6,234.3,235.16,265.3,199.1,56705951,13335086752,326999
03-Feb-22,232.15,235.2,231.8,232.15,233.5,234.45,233.64,265.3,199.1,27845963,6505914462,192214
02-Feb-22,230,233.3,229,227.75,231.85,232.15,231.53,265.3,199.1,41130638,9522821343,258107
01-Feb-22,221,228.8,219.15,220.2,227.9,227.75,224.71,265.3,199.1,43207074,9708929182,253512
31-Jan-22,218.5,220.75,217.1,217.6,220,220.2,218.95,265.3,199.1,15039006,3292849825,147611
28-Jan-22,215.1,219.25,215.1,214.6,217.5,217.6,218.12,265.3,199.1,15276991,3332279923,113395
27-Jan-22,211.25,215.5,211.1,214.3,215.35,214.6,213.17,265.3,199.1,23149684,4934770162,200471
25-Jan-22,212,214.7,209.55,211.8,214.05,214.3,212.33,265.3,199.1,18322935,3890440496,172743
24-Jan-22,217.05,217.75,210.9,217.05,211.65,211.8,213.4,265.3,199.1,17354942,3703479244,169142
21-Jan-22,218.5,220.5,216,218.75,217.3,217.05,218.4,265.3,199.1,16586264,3622521932,127609
20-Jan-22,220.55,222.15,218,220.35,219.1,218.75,219.95,265.3,199.1,17329896,3811709635,131195
19-Jan-22,220.75,222.4,218.7,220.75,220.4,220.35,220.28,265.3,199.1,11473796,2527397220,87833
18-Jan-22,224.6,227.3,220.3,224.6,220.6,220.75,223.59,265.3,199.1,14394097,3218353734,119118
17-Jan-22,222.6,225.6,221.35,222.6,224.75,224.6,223.95,265.3,199.1,12318313,2758723100,86056
14-Jan-22,223.95,224.8,222.3,223.95,222.9,222.6,223.49,265.3,199.1,10569725,2362226366,84726
13-Jan-22,223.9,225.8,222.75,222.75,223.9,223.95,223.92,265.3,199.1,11501088,2575330047,128264
12-Jan-22,222.5,223.65,221.6,221.95,222.5,222.75,222.71,265.3,199.1,13158894,2930673798,89408
11-Jan-22,223.35,224.25,221.2,223.3,222,221.95,222.43,265.3,199.1,8020695,1784053806,97475
10-Jan-22,219.9,224.7,218.9,218.4,223.3,223.3,222.88,265.3,199.1,15841299,3530680132,121707
07-Jan-22,219.8,220.65,217.5,218.7,218.45,218.4,218.9,265.3,199.1,8855041,1938371109,81330
06-Jan-22,219,220.4,218.2,220.55,218.75,218.7,218.75,265.3,199.1,8950589,1957945140,81908
05-Jan-22,219.65,221.5,218.65,220.25,220.35,220.55,220.27,265.3,199.1,11230588,2473772708,87423
04-Jan-22,219.5,221.7,219.05,219.1,219.8,220.25,220.23,265.3,199.1,9050253,1993142527,74888
03-Jan-22,218.05,219.85,217.05,218.05,219.1,219.1,218.68,265.3,199.1,7765495,1698139585,90982
31-Dec-21,216.9,218.8,216.15,216,218,218.05,217.96,265.3,199.1,7583815,1652997406,73078
30-Dec-21,216.6,217.9,215.5,216.75,216.45,216,216.49,265.3,199.1,9741198,2108832633,81763
29-Dec-21,220,220.3,216.3,220.05,216.6,216.75,217.75,265.3,199.1,11480954,2499942365,100463
28-Dec-21,218,220.6,218,217.55,219.8,220.05,219.63,265.3,199.1,11568803,2540815064,86204
27-Dec-21,218.4,218.45,215.65,218,217.7,217.55,217.19,265.3,199.1,8153106,1770771469,77113
24-Dec-21,218,220.45,216.45,217.3,218,218,218.36,265.3,196.9,16581585,3620777496,103848
23-Dec-21,213.9,218.45,213.2,212,217.4,217.3,216.7,265.3,196.9,22209720,4812739299,156292
22-Dec-21,214,214.2,211.1,212.5,212.3,212,212.19,265.3,196.9,17239484,3658045491,129572
21-Dec-21,214,215.45,211.05,212.4,212.5,212.5,213.34,265.3,196.9,19395604,4137785576,171292
20-Dec-21,216.25,216.25,209.8,217.95,212.5,212.4,212.17,265.3,196.9,37340790,7922523255,227969
17-Dec-21,222.8,222.85,216.75,222.9,218.1,217.95,219.44,265.3,196.9,29683982,6513778743,191038
16-Dec-21,226,226.15,220.8,224.05,223.4,222.9,222.54,265.3,196.9,24199205,5385347742,177983
15-Dec-21,230,232.2,223.4,228.6,223.95,224.05,226.31,265.3,196.9,34653042,7842492532,304419
14-Dec-21,235,237.1,227.55,234.6,228.2,228.6,231.71,265.3,196.9,37508445,8691262680,228230
13-Dec-21,238,238.75,234.15,236.1,234.7,234.6,236.45,265.3,196.9,22054342,5214696388,154806
10-Dec-21,236.2,238.95,233.75,235.4,235.9,236.1,236.19,265.3,196.9,35162889,8305115865,246387
09-Dec-21,223,236.45,223,224.95,236,235.4,231.46,265.3,196.9,38241864,8851290207,216236
08-Dec-21,221,225.65,221,220.65,224.7,224.95,223.46,265.3,196.9,9861847,2203730739,84237
07-Dec-21,218.9,221.95,218.1,217.9,220.7,220.65,219.99,265.3,196.9,8903842,1958738018,99015
06-Dec-21,221.65,222.2,217.5,221.65,217.7,217.9,219.34,265.3,196.9,13138355,2881802652,132878
03-Dec-21,225,226.2,221.35,225.45,221.5,221.65,223.15,265.3,192.4,13794647,3078281194,130988
02-Dec-21,221.9,226.15,221.3,221.9,225.4,225.45,223.81,265.3,192.4,15904846,3559587478,108458
01-Dec-21,222,223.3,220.6,221.15,222.45,221.9,221.74,265.3,192.4,12995800,2881630210,88476
30-Nov-21,222,225.2,220,221.5,221.7,221.15,222.37,265.3,192.4,23503453,5226406262,175420
29-Nov-21,222,223.65,220.2,224,221.7,221.5,221.89,265.3,192.4,22132952,4911170712,165328
26-Nov-21,228.9,230.05,223.1,231.3,223.6,224,225.91,265.3,188.65,27027022,6105588979,245321
25-Nov-21,227,232.2,225.75,227.7,231.75,231.3,229.18,265.3,188.65,23904846,5478606330,156605
24-Nov-21,232.45,232.7,226.95,231.6,227.2,227.7,230.18,265.3,188.65,14139854,3254708105,115870
23-Nov-21,229.15,232.7,229.15,230.9,231.6,231.6,231.58,265.3,188.65,13433385,3110900697,108687
22-Nov-21,237.9,240.75,229.55,237.5,230.65,230.9,234.65,265.3,188.65,22574227,5297154356,208402
18-Nov-21,240,243,236.3,239.5,237.65,237.5,239.33,265.3,182.7,20226071,4840731217,155791
17-Nov-21,236,245.25,235.65,235.45,239.3,239.5,240.97,265.3,182.7,46697822,11252900645,246949
16-Nov-21,239.05,239.65,235,238.1,235.25,235.45,237.36,265.3,182.7,14675969,3483462764,97861
15-Nov-21,233.95,239,233.1,232.9,238.15,238.1,236.77,265.3,182.7,38755267,9176154208,176533
12-Nov-21,231.2,233.95,229.15,230,232.85,232.9,231.88,265.3,171.85,11855531,2749078686,99013
11-Nov-21,230.4,231.5,228.55,230.85,230.2,230,229.65,265.3,171.85,8134962,1868179857,96104
10-Nov-21,227.45,232.85,227.2,228.75,230.75,230.85,230.52,265.3,171.85,13431108,3096182598,110805
09-Nov-21,229.85,230.9,227.85,229.8,228.85,228.75,229.11,265.3,171.85,11520817,2639533493,131594
08-Nov-21,229.7,230.7,225.7,226.55,229.65,229.8,228.22,265.3,171.85,20270558,4626147774,168607
04-Nov-21,224.85,227.3,224,222.45,227.15,226.55,225.88,265.3,164.45,7024796,1586768036,106228
03-Nov-21,226,226.85,221.7,225.6,222.75,222.45,223.82,265.3,164.45,17843327,3993623454,119495
02-Nov-21,228,229.25,224.5,226.85,226,225.6,226.05,265.3,164.45,14343859,3242359657,120551
01-Nov-21,224.15,227.55,222.5,223.2,226.8,226.85,224.82,265.3,164.45,23197539,5215171129,136114
29-Oct-21,225,228.25,222.3,225.1,223.45,223.2,225.09,265.3,163.35,26642108,5996799628,209691
28-Oct-21,235.1,235.95,224.15,238.45,225.15,225.1,228.88,265.3,163.35,46282465,10593306757,374260
27-Oct-21,240.25,241.3,236.2,236.7,238.95,238.45,239.14,265.3,163.35,25911499,6196466844,178935
26-Oct-21,234.1,239,232.6,233.4,238.75,236.7,235.05,265.3,163.35,18934170,4450564039,150678
25-Oct-21,234.1,236.65,230.5,236.6,233,233.4,233.82,265.3,163.35,22333919,5222067172,159014
22-Oct-21,244.7,245.8,233.7,244.7,236.5,236.6,238.65,265.3,163.35,35537151,8480766477,236176
21-Oct-21,248,248.35,243.1,246.6,244.7,244.7,244.77,265.3,163.35,22518727,5511975287,143909
20-Oct-21,245.95,248.5,242.35,245.95,246.5,246.6,245.66,265.3,163.35,47822165,11747933319,230234
19-Oct-21,261.4,262.55,245.05,262.55,246.1,245.95,251.38,265.3,163.35,59061766,14847106587,445769
18-Oct-21,261,265.3,257.35,256.55,261.8,262.55,261.24,265.3,163.35,60292901,15751216295,318410
14-Oct-21,253.25,261.85,250.35,249.2,256.3,256.55,256.08,261.85,163.35,85406902,21871243335,447958
13-Oct-21,242.55,250.9,240.15,241.3,250.9,249.2,245.44,250.9,163.35,50159625,12311287567,259485
12-Oct-21,238.6,243,238,238.05,241.3,241.3,240.78,245.8,163.35,29222028,7036105159,205242
11-Oct-21,232,239.5,231.7,231.7,238.2,238.05,236.17,245.8,163.35,21184428,5003054961,153853
08-Oct-21,234.75,234.8,231.2,232.95,231.9,231.7,232.63,245.8,163.35,9739240,2265638076,89186
07-Oct-21,233,234.95,232.3,231.25,232.95,232.95,233.59,245.8,163.35,10371535,2422666148,85072
06-Oct-21,234.8,236.4,230.6,234.7,230.9,231.25,232.89,245.8,163.35,17505160,4076718725,112565
05-Oct-21,236.4,237.45,234.5,236.6,234.6,234.7,235.35,245.8,163.35,9223597,2170741558,94090
04-Oct-21,236,238.35,235.4,235.35,236.6,236.6,236.93,245.8,163.35,10686552,2531930784,105551
01-Oct-21,235.2,237,232.9,236.15,235.25,235.35,234.62,245.8,163.35,15956143,3743680334,136058
30-Sep-21,239.9,240.4,235.25,238.1,235.8,236.15,237.68,245.8,163.35,16357902,3887886983,120162
29-Sep-21,236,241.4,235.7,237.75,237.85,238.1,238.18,245.8,163.35,15450046,3679856653,125680
28-Sep-21,239.85,241.6,236.3,238.7,237.25,237.75,238.82,245.8,163.35,15713947,3752873735,126931
27-Sep-21,239.8,241.85,235.5,238.45,238.5,238.7,238.63,245.8,163.35,22890540,5462469728,164828
24-Sep-21,244,244,237.7,242.5,238.2,238.45,240.27,245.8,163.35,24823291,5964251168,210081
23-Sep-21,245,245.6,241.7,243.5,242.35,242.5,243.18,245.8,163.35,21791090,5299228640,198020
22-Sep-21,243.5,245.8,240.7,241.5,243,243.5,243.28,245.8,163.35,52621868,12802048327,309101
21-Sep-21,234.95,242.45,231.7,233.75,241.55,241.5,237.79,242.45,163.35,56671832,13476219720,327928
20-Sep-21,231,239.35,230.25,231.15,232.95,233.75,235.83,239.35,163.35,70390969,16600526835,419200
17-Sep-21,233,237.3,229.1,230.75,231.5,231.15,232.96,239.2,163.35,79501805,18521035213,406400
16-Sep-21,216.95,233.65,216.3,216,230.3,230.75,229.26,239.2,163.35,149238901,34215026419,734612
15-Sep-21,217.1,217.2,215.3,216.1,215.7,216,215.9,239.2,163.35,20248758,4371704281,103557
14-Sep-21,214.9,217.25,214.2,214.15,216.75,216.1,216.03,239.2,163.35,19621849,4238975823,149992
13-Sep-21,213.35,215.15,211.8,212.65,213.9,214.15,213.73,239.2,163.35,16043896,3429001681,114592
09-Sep-21,211.05,213.9,210.55,211.25,212.95,212.65,212.57,239.2,163.35,19051252,4049664069,106146
08-Sep-21,212.25,213,209.7,211.75,211.05,211.25,211.42,239.2,163.35,17233315,3643533822,100955
07-Sep-21,210.9,214.35,210.15,209.3,211.85,211.75,212.45,239.2,163.35,37489544,7964670668,197323
06-Sep-21,211,211.2,209.05,210.6,209.05,209.3,209.97,239.2,163.35,10632156,2232407948,74738
03-Sep-21,209.75,211.25,209.75,209.75,210.45,210.6,210.61,239.2,163.35,10228853,2154276776,72526
02-Sep-21,209,211.5,209,209.5,209.75,209.75,210.23,239.2,163.35,14321164,3010752757,82922
01-Sep-21,211,212.3,209.3,211.3,209.55,209.5,210.09,239.2,163.35,16241960,3412334506,76728
31-Aug-21,208.05,211.6,207.25,208,211,211.3,210.24,239.2,163.35,25808430,5426034052,123479
30-Aug-21,206,208.2,206,205.9,208.05,208,207,239.2,163.35,12084844,2501560152,76605
27-Aug-21,205,206.85,204.9,204.6,206.05,205.9,205.99,239.2,163.35,10476384,2158059456,60983
26-Aug-21,206.4,206.85,204.35,206.4,204.85,204.6,205.45,239.2,163.35,14836173,3048068497,84248
25-Aug-21,206.4,207.9,206,205.75,206.3,206.4,207.06,239.2,163.35,10586894,2192130504,74105
24-Aug-21,207,207,204.7,206.3,205.75,205.75,205.71,239.2,163.35,12490094,2569334399,90980
23-Aug-21,209.5,210.2,206,208.9,206.2,206.3,207.76,239.2,163.35,9936365,2064337943,83271
20-Aug-21,207,210.7,206.7,208.95,208.4,208.9,208.46,239.2,163.35,19421004,4048416638,119445
18-Aug-21,209.6,211.5,208.35,209.2,209.3,208.95,209.49,239.2,163.35,10735658,2249014315,76896
17-Aug-21,210.8,211.5,208.8,210.9,208.95,209.2,209.63,239.2,163.35,7858486,1647376658,77453
16-Aug-21,211.4,213.25,210.5,211.45,211,210.9,211.93,239.2,163.35,11190075,2371467063,90617
13-Aug-21,209.85,212.3,209.2,208.9,211.35,211.45,211.24,239.2,163.35,18850939,3982058396,139319
12-Aug-21,210.25,214.2,208.35,208.65,208.9,208.9,210.26,239.2,163.35,27692208,5822606325,155350
11-Aug-21,209.85,210.6,207.45,209.85,208.7,208.65,208.61,239.2,163.35,15418634,3216547215,112589
10-Aug-21,214,214.45,208.55,213.8,210,209.85,211.36,239.2,163.35,18155926,3837374963,122060
09-Aug-21,215,217.15,212.7,214.25,213.7,213.8,214.89,239.2,163.35,20358146,4374745717,140681
06-Aug-21,215.4,216,212.6,215.25,214.6,214.25,214.19,239.2,163.35,23581637,5050876544,133898
05-Aug-21,208.6,216.75,206.9,208.6,215,215.25,213.38,239.2,163.35,47178466,10067020966,243882
04-Aug-21,210.9,211.1,208.1,209.9,208.65,208.6,209.38,239.2,163.35,10998260,2302781447,80790
03-Aug-21,207.5,210.9,206.45,207.3,209.75,209.9,209.37,239.2,163.35,18468527,3866716365,114086
02-Aug-21,206.45,207.5,205.45,204.95,207.2,207.3,206.59,239.2,163.35,9674128,1998611255,73105
30-Jul-21,206.1,207.1,204.6,206.05,205.05,204.95,205.63,239.2,163.35,14940336,3072173034,102568
29-Jul-21,209.1,210.2,205.65,209.1,206,206.05,207.81,239.2,163.35,15603733,3242541504,119278
28-Jul-21,208.3,210,207.45,208.65,209.2,209.1,208.88,239.2,163.35,14736840,3078275398,140082
27-Jul-21,212,213,207.95,211.15,208.8,208.65,210.31,239.2,163.35,24436949,5139285262,131878
26-Jul-21,214,215.35,210.8,212.4,211.05,211.15,213.27,239.2,163.35,47263771,10079767847,276749
23-Jul-21,207,213.6,206.5,207,212.45,212.4,210.93,239.2,163.35,44526781,9391937416,253121
22-Jul-21,207,208.25,205.85,206.8,207,207,207.03,239.2,163.35,18311537,3791027379,101678
20-Jul-21,208.2,209.3,206.4,207.75,206.6,206.8,207.8,239.2,163.35,23656813,4915782692,161404
19-Jul-21,206.8,209.5,206.35,207.9,208,207.75,208.11,239.2,163.35,16464973,3426472699,110856
16-Jul-21,207.7,209.65,207.2,206.25,207.85,207.9,208.43,239.2,163.35,29019824,6048588731,163226
15-Jul-21,204.4,208.5,202.9,204.1,206.4,206.25,205.96,239.2,163.35,28852257,5942450170,148819
14-Jul-21,201.85,205.15,201.7,201.85,203.95,204.1,203.56,239.2,163.35,20480406,4169037300,106786
13-Jul-21,202,202.2,201.35,201.1,202.05,201.85,201.75,239.2,163.35,10830411,2185064113,66272
12-Jul-21,202,202.55,200.95,201.35,201.1,201.1,201.68,239.2,163.35,13085323,2639092066,95000
09-Jul-21,202,202.35,200.9,202,201.45,201.35,201.63,239.2,163.35,11834045,2386051743,95596
08-Jul-21,203.5,204.5,201.8,203.75,202.05,202,202.54,239.2,163.35,20925008,4238191289,141373
07-Jul-21,202.5,205.2,202.3,202.5,203.9,203.75,203.87,239.2,163.35,17879443,3645163284,91964
06-Jul-21,203.25,203.8,202.25,203.65,202.6,202.5,203.1,239.2,163.35,11088659,2252092795,95117
05-Jul-21,203,204.1,202.7,202.4,203.65,203.65,203.38,239.2,163.35,10248249,2084290714,75097
02-Jul-21,203.3,203.7,202.25,203,202.45,202.4,202.75,239.2,163.35,12698779,2574696304,132029
01-Jul-21,202.9,203.8,202.15,202.7,203.1,203,203.03,239.2,163.35,10191296,2069162649,68663
30-Jun-21,204.3,204.4,202.55,203.3,202.7,202.7,203.25,239.2,163.35,15942408,3240234467,122092
29-Jun-21,203.6,205.3,203.15,203.6,203.25,203.3,203.84,239.2,163.35,13326068,2716346029,107509
28-Jun-21,205.9,205.9,203.35,205.05,203.7,203.6,203.99,239.2,163.35,14627153,2983820028,117711
25-Jun-21,204,205.6,203.75,203.25,205,205.05,204.79,239.2,163.35,13877208,2841901320,140517
24-Jun-21,204.45,204.65,202.55,203.95,203.95,203.25,203.18,239.2,163.35,22435272,4558438820,145424
23-Jun-21,205.65,205.85,203.6,205.1,204.05,203.95,204.47,239.2,163.35,12575210,2571243720,132740
22-Jun-21,206.1,206.25,204.35,204.45,205.2,205.1,205.11,239.2,163.35,18042675,3700789716,113081
21-Jun-21,203.1,206,202.4,204.55,204.7,204.45,204.54,239.2,163.35,19074685,3901561739,150105
18-Jun-21,206,206.45,202.5,205.65,204.85,204.55,204.27,239.2,163.35,23567549,4814117951,179302
17-Jun-21,206.95,208,205,207.85,205.5,205.65,206.25,239.2,163.35,21476893,4429504435,173639
16-Jun-21,207.05,209.35,207.05,207.05,207.45,207.85,208.28,239.2,163.35,20104244,4187370768,103261
15-Jun-21,207.55,208.4,207,207.3,207.1,207.05,207.54,239.2,163.35,14854294,3082823859,110907
14-Jun-21,207.95,208.45,205.2,207.9,207.55,207.3,206.83,239.2,163.35,17677889,3656334102,133072
11-Jun-21,210.3,210.45,207.75,209.3,208,207.9,208.6,239.2,163.35,21424291,4469157050,138839
10-Jun-21,208.7,211.4,207.5,212.5,209.75,209.3,209.31,239.2,163.35,30719587,6429966106,186336
09-Jun-21,214,214.75,211.5,213.65,212.55,212.5,213.34,239.2,163.35,24887924,5309499584,119309
08-Jun-21,212.2,214.25,211.2,211.45,213.8,213.65,212.77,239.2,163.35,21261361,4523686241,126001
07-Jun-21,210.4,212.4,210.2,208.75,211.75,211.45,211.52,239.2,163.35,31433280,6648639468,156997
04-Jun-21,209.5,209.7,208,209.05,209.55,208.75,208.53,239.2,163.35,30126021,6282116595,147023
03-Jun-21,210.75,210.75,208.7,209,209.1,209.05,209.38,239.2,163.35,46657520,9768926892,186083
02-Jun-21,210.5,212.45,208.6,215.25,209.05,209,210.07,239.2,163.35,96654991,20304363778,397935
01-Jun-21,218,219.4,214.25,216.6,215.9,215.25,216.54,239.2,163.35,38755111,8392215135,196487
31-May-21,215,217.9,214.4,212.9,217,216.6,216.76,239.2,163.35,73039531,15831764537,297258
28-May-21,212.5,213.5,211.55,211.15,212.9,212.9,212.72,239.2,163.35,25597550,5445191302,114742
27-May-21,211,214.15,210.3,210.6,211.2,211.15,211.94,239.2,163.35,47554219,10078776972,172315
26-May-21,211.8,212.45,210.3,210.9,210.9,210.6,211.33,239.2,163.35,17576137,3714358784,88996
25-May-21,213,213.4,210.25,211.5,211.05,210.9,211.96,239.2,163.35,25334878,5370088595,137177
24-May-21,209.5,212.05,207.75,209.05,211.55,211.5,209.99,239.2,163.35,28865798,6061662881,155678
21-May-21,207.6,209.85,207.4,207,209.05,209.05,208.92,239.2,163.15,22638020,4729577124,132199
20-May-21,208.45,209.3,206.8,207.75,207.1,207,207.59,239.2,163.15,20884367,4335323163,132564
19-May-21,210.05,211.4,207.55,210.05,207.85,207.75,208.6,239.2,163.15,24405319,5090905011,155659
18-May-21,214.1,214.6,209.65,212.6,210.2,210.05,211.35,239.2,163.15,30479551,6441952057,167993
17-May-21,216.8,217,211.65,212.25,212.75,212.6,213.71,239.2,163.15,38001828,8121257724,213490
14-May-21,205,213.2,204,203.25,213.05,212.25,210.46,239.2,157.5,61647120,12973964366,316512
12-May-21,203.9,205.25,202.85,204,203.6,203.25,203.74,239.2,157.5,16537612,3369413058,104661
11-May-21,203.9,206.5,203.75,205.55,204.1,204,204.73,239.2,157.5,13747541,2814526952,96933
10-May-21,207.15,207.45,205,205.35,205.8,205.55,205.8,239.2,157.5,16295368,3353519043,113301
07-May-21,202.95,206.45,202.95,202.75,205.5,205.35,205.43,239.2,157.1,19463495,3998367084,104887
06-May-21,202.3,205.95,202.1,201.4,203,202.75,203.61,239.2,157.1,14320889,2915808607,95114
05-May-21,201.45,202,199.5,199.6,202,201.4,200.5,239.2,157.1,13862655,2779528419,108117
04-May-21,201.2,202.35,199.1,200.95,199.75,199.6,200.61,239.2,157.1,18259282,3662950110,150994
03-May-21,201.2,201.85,200,202.6,201.1,200.95,200.87,239.2,157.1,20611626,4140350380,189472
30-Apr-21,203.9,205.7,202,204.3,202.4,202.6,203.73,239.2,157.1,16495657,3360648826,124300
29-Apr-21,207.1,207.55,204.05,205.5,204.4,204.3,205.37,239.2,157.1,13096755,2689641762,95800
28-Apr-21,206,206.5,205.3,205.4,205.65,205.5,205.96,239.2,157.1,12708021,2617327313,69476
27-Apr-21,205.3,206.95,205.05,205.3,205.5,205.4,205.85,239.2,157.1,11444814,2355886688,94890
26-Apr-21,205.8,206.75,204.7,205.35,205.5,205.3,205.64,239.2,157.1,19886214,4089369597,103777
23-Apr-21,204.25,207,204.25,205.9,205.05,205.35,206.06,239.2,157.1,19625381,4043914266,92702
22-Apr-21,202,206.3,200.55,203.55,205.85,205.9,204.38,239.2,157.1,23139735,4729405358,128190
20-Apr-21,206.2,207,202.5,205.6,203.15,203.55,204.65,239.2,157.1,21364882,4372413102,158567
19-Apr-21,205,206.1,203.75,207.95,206,205.6,204.81,239.2,157.1,15792299,3234344469,141500
16-Apr-21,208,209.25,206.5,206.7,208,207.95,208.25,239.2,157.1,13311926,2772264539,82765
15-Apr-21,209,210.45,206,208.7,207.1,206.7,207.4,239.2,157.1,17530742,3635944961,126577
13-Apr-21,207,209.7,206,205.3,208.65,208.7,207.75,239.2,157.1,20247639,4206422739,133141
12-Apr-21,210,211,205,213.1,205.3,205.3,207.32,239.2,157.1,34511670,7155036283,256517
09-Apr-21,213.75,215.95,212.55,213.25,213.25,213.1,213.94,239.2,157.1,16364247,3501032038,110013
08-Apr-21,214.85,216.1,212.85,213.8,213.5,213.25,214.28,239.2,157.1,14116874,3024930827,81632
07-Apr-21,212.7,215.2,212.45,212.65,213.65,213.8,214.02,239.2,157.1,15204883,3254147655,96741
06-Apr-21,213.8,214.95,210.15,212.55,212.8,212.65,212.66,239.2,157.1,25674227,5459847736,143881
05-Apr-21,217.6,220,210.5,220.05,211.95,212.55,213.47,239.2,157.1,31378045,6698398266,220759
01-Apr-21,220,220.6,217.3,218.5,220.05,220.05,219.11,239.2,156.05,29062762,6367985754,125473
31-Mar-21,214.05,219.3,212.7,214.55,217.8,218.5,217.38,239.2,156.05,36485322,7931329894,162814
30-Mar-21,213.25,215,210.4,210.9,214.65,214.55,212.69,239.2,156.05,27792437,5911247548,147081
26-Mar-21,214.25,214.45,210.35,211.6,210.9,210.9,212.16,239.2,139,26079435,5533120951,156755
25-Mar-21,215.15,215.95,209.05,215.95,213.9,211.6,211.67,239.2,139,40681282,8611151300,231111
24-Mar-21,221,222.8,215.25,222.2,216.3,215.95,218.64,239.2,139,27609243,6036591609,160693
23-Mar-21,225,228.1,221.3,226,222.05,222.2,224.28,239.2,139,41564683,9322189126,237234
22-Mar-21,223.3,226.4,221.5,222.95,226,226,224.4,239.2,139,46050245,10333788938,207251
19-Mar-21,219,226.15,215.55,217.65,222.8,222.95,221.92,239.2,139,134184994,29777698538,523004
18-Mar-21,213,219.1,211.9,210.6,219,217.65,215.44,239.2,139,91993104,19819079228,364689
17-Mar-21,212.2,213.9,208.55,207.85,210.95,210.6,211.24,239.2,139,78578698,16599323904,310723
16-Mar-21,206.4,208.9,204.95,205.45,208.35,207.85,207.32,239.2,139,48763187,10109443547,175982
15-Mar-21,205.85,206,201.6,205.2,205.5,205.45,203.3,239.2,139,41115906,8358819873,194868
12-Mar-21,208,208,203.5,206.5,205.2,205.2,206.2,239.2,134.6,30787960,6348378596,188084
10-Mar-21,209.1,209.2,205.8,207.8,206.4,206.5,206.76,239.2,134.6,19603214,4053232669,126929
09-Mar-21,208.7,209.75,204.75,208,207.65,207.8,207.31,239.2,134.6,22593086,4683792374,111233
08-Mar-21,209.7,210.8,207.7,208.55,207.9,208,208.85,239.2,134.6,22988740,4801117011,112532
05-Mar-21,208,210,207.2,209.7,209.9,208.55,208.64,239.2,134.6,17323590,3614449248,103897
